{
  "id": "328830",
  "name": "3M Company Deal",
  "size": 20000000,
  "currency": "USD",
  "tranches": [
    {
      "id": "354609",
      "name": "tranche 1",
      "size": 1,
      "currency": "USD",
      "syndicateMembers": [
        {
          "id": 1,
          "name": "Societe Generale GB",
          "pmid": "SGE-GB-0001",
          "roleName": "Bookrunner",
          "bracket": "",
          "position": null,
          "type": "Internal",
          "address": {
            "address1": "777",
            "address2": "777",
            "city": "77",
            "state": "777",
            "country": "",
            "postCode": "7777"
          },
          "logos": [
            {
              "size": "LARGE",
              "encodedString": "",
              "contentType": ""
            }
          ]
        }
      ],
      "denomination": null,
      "settlementDate": null,
      "settlementDateText": null,
      "maturityDate": 1586304000000,
      "perpetual": false,
      "maturityDateText": null,
      "coupon": null,
      "bndAgentLeId": 1,
      "bndAgentLeName": "Societe Generale GB",
      "displayOrder": 0,
      "trancheRatings": [
        {
          "ratingId": 130,
          "agency": "Moodys",
          "rating": "NR"
        },
        {
          "ratingId": 132,
          "agency": "Standard and Poors",
          "rating": "NR"
        },
        {
          "ratingId": 136,
          "agency": "Duff and Phelps",
          "rating": "NR"
        },
        {
          "ratingId": 134,
          "agency": "Fitch IBCA",
          "rating": "NR"
        }
      ],
      "internalOwnerLeId": 1,
      "instrumentCodes": [
        {
          "instrumentCode": "123456789",
          "instrumentTypeName": "CUSIP",
          "settlementDeliveryTypeName": "Delivery"
        },
        {
          "instrumentCode": "AB1234567890",
          "instrumentTypeName": "ISIN",
          "settlementDeliveryTypeName": "Delivery"
        },
        {
          "instrumentCode": "123",
          "instrumentTypeName": "Common1",
          "settlementDeliveryTypeName": "Delivery"
        },
        {
          "instrumentCode": "789",
          "instrumentTypeName": "SEDOL",
          "settlementDeliveryTypeName": "Delivery"
        }
      ]
    },
    {
      "id": "354610",
      "name": "tranche 2",
      "size": 2,
      "currency": "USD",
      "syndicateMembers": [
        {
          "id": 1,
          "name": "Societe Generale GB",
          "pmid": "SGE-GB-0001",
          "roleName": "Bookrunner",
          "bracket": "",
          "position": null,
          "type": "Internal",
          "address": {
            "address1": "777",
            "address2": "777",
            "city": "77",
            "state": "777",
            "country": "",
            "postCode": "7777"
          },
          "logos": [
            {
              "size": "LARGE",
              "encodedString": "",
              "contentType": ""
            }
          ]
        }
      ],
      "denomination": null,
      "settlementDate": null,
      "settlementDateText": null,
      "maturityDate": 1554768000000,
      "perpetual": false,
      "maturityDateText": null,
      "coupon": null,
      "bndAgentLeId": 0,
      "bndAgentLeName": null,
      "displayOrder": 0,
      "trancheRatings": [
        {
          "ratingId": 130,
          "agency": "Moodys",
          "rating": "NR"
        },
        {
          "ratingId": 132,
          "agency": "Standard and Poors",
          "rating": "NR"
        },
        {
          "ratingId": 134,
          "agency": "Fitch IBCA",
          "rating": "NR"
        },
        {
          "ratingId": 136,
          "agency": "Duff and Phelps",
          "rating": "NR"
        }
      ],
      "internalOwnerLeId": 1,
      "instrumentCodes": null
    },
    {
      "id": "354611",
      "name": "tranche 3",
      "size": 3,
      "currency": "USD",
      "syndicateMembers": [
        {
          "id": 1,
          "name": "Societe Generale GB",
          "pmid": "SGE-GB-0001",
          "roleName": "Bookrunner",
          "bracket": "",
          "position": null,
          "type": "Internal",
          "address": {
            "address1": "777",
            "address2": "777",
            "city": "77",
            "state": "777",
            "country": "",
            "postCode": "7777"
          },
          "logos": [
            {
              "size": "LARGE",
              "encodedString": "",
              "contentType": ""
            }
          ]
        }
      ],
      "denomination": null,
      "settlementDate": null,
      "settlementDateText": null,
      "maturityDate": 1870473600000,
      "perpetual": false,
      "maturityDateText": null,
      "coupon": null,
      "bndAgentLeId": 0,
      "bndAgentLeName": null,
      "displayOrder": 0,
      "trancheRatings": [
        {
          "ratingId": 132,
          "agency": "Standard and Poors",
          "rating": "NR"
        },
        {
          "ratingId": 134,
          "agency": "Fitch IBCA",
          "rating": "NR"
        },
        {
          "ratingId": 136,
          "agency": "Duff and Phelps",
          "rating": "NR"
        },
        {
          "ratingId": 130,
          "agency": "Moodys",
          "rating": "NR"
        }
      ],
      "internalOwnerLeId": 1,
      "instrumentCodes": null
    },
    {
      "id": "354612",
      "name": "tranche 4",
      "size": 4,
      "currency": "USD",
      "syndicateMembers": [
        {
          "id": 1,
          "name": "Societe Generale GB",
          "pmid": "SGE-GB-0001",
          "roleName": "Bookrunner",
          "bracket": "",
          "position": null,
          "type": "Internal",
          "address": {
            "address1": "777",
            "address2": "777",
            "city": "77",
            "state": "777",
            "country": "",
            "postCode": "7777"
          },
          "logos": [
            {
              "size": "LARGE",
              "encodedString": "",
              "contentType": ""
            }
          ]
        }
      ],
      "denomination": null,
      "settlementDate": null,
      "settlementDateText": null,
      "maturityDate": 2123280000000,
      "perpetual": false,
      "maturityDateText": null,
      "coupon": null,
      "bndAgentLeId": 0,
      "bndAgentLeName": null,
      "displayOrder": 0,
      "trancheRatings": [
        {
          "ratingId": 130,
          "agency": "Moodys",
          "rating": "NR"
        },
        {
          "ratingId": 132,
          "agency": "Standard and Poors",
          "rating": "NR"
        },
        {
          "ratingId": 134,
          "agency": "Fitch IBCA",
          "rating": "NR"
        },
        {
          "ratingId": 136,
          "agency": "Duff and Phelps",
          "rating": "NR"
        }
      ],
      "internalOwnerLeId": 1,
      "instrumentCodes": null
    },
    {
      "id": "354613",
      "name": "tranche 5",
      "size": 5,
      "currency": "USD",
      "syndicateMembers": [
        {
          "id": 1,
          "name": "Societe Generale GB",
          "pmid": "SGE-GB-0001",
          "roleName": "Bookrunner",
          "bracket": "",
          "position": null,
          "type": "Internal",
          "address": {
            "address1": "777",
            "address2": "777",
            "city": "77",
            "state": "777",
            "country": "",
            "postCode": "7777"
          },
          "logos": [
            {
              "size": "LARGE",
              "encodedString": "",
              "contentType": ""
            }
          ]
        }
      ],
      "denomination": null,
      "settlementDate": null,
      "settlementDateText": null,
      "maturityDate": 2469312000000,
      "perpetual": false,
      "maturityDateText": null,
      "coupon": null,
      "bndAgentLeId": 0,
      "bndAgentLeName": null,
      "displayOrder": 0,
      "trancheRatings": [
        {
          "ratingId": 130,
          "agency": "Moodys",
          "rating": "NR"
        },
        {
          "ratingId": 132,
          "agency": "Standard and Poors",
          "rating": "NR"
        },
        {
          "ratingId": 134,
          "agency": "Fitch IBCA",
          "rating": "NR"
        },
        {
          "ratingId": 136,
          "agency": "Duff and Phelps",
          "rating": "NR"
        }
      ],
      "internalOwnerLeId": 1,
      "instrumentCodes": null
    }
  ],
  "issuerName": "1155 Island Avenue LLC",
  "trancheSortOrder": "name"
}
