[
  {
    "name": "Prospecus Document",
    "fileSize": "234kb",
    "documentType": "File",
    "fileName": "",
    "disclaimer": "Standard",
    "isDealWide": true,
    "sourceId": 1,
    "id": "1"
  },
  {
    "name": "Prospecus Document1",
    "fileSize": "452kb",
    "documentType": "File",
    "fileName": "",
    "disclaimer": "Standard",
    "isDealWide": true,
    "sourceId": 2,
    "id": "2"
  },
  {
    "name": "Prospecus Document2",
    "fileSize": "958kb",
    "documentType": "File",
    "fileName": "",
    "disclaimer": "Standard",
    "isDealWide": false,
    "sourceId": 3,
    "id": "3"
  }
]
