[
  {
    "text": "Template Deal ABX 1",
    "value": "<strong>Hi [Contact Name]</strong>,<br /><br />If you’re ready to write, just select this tip text and start typing to replace it with your own. Don’t include space to the right or left of the characters in your selection<br /><br /><strong>Best<br />Sylvia Syndicate</strong><br /><br /><br />Title<br />CITI<br />22 Broadway, Newyork <br /> NY 10004, USA<br />(212) 500 1342<br />(646) 988 5463<br /><a>sylvia.syndicate@citi.com</a>"
  },
  {
    "text": "Template Deal ABX 2",
    "value": "<strong>Hi [Contact Name2]</strong>,<br /><br />If you’re ready to write, just select this tip text and start typing to replace it with your own. Don’t include space to the right or left of the characters in your selection<br /><br /><strong>Best<br />Sylvia Syndicate</strong><br /><br /><br />Title<br />CITI<br />22 Broadway, Newyork <br /> NY 10004, USA<br />(212) 500 1342<br />(646) 988 5463<br /><a>sylvia.syndicate@citi.com</a>"
  },
  {
    "text": "Template Deal ABX 3",
    "value": "<strong>Hi [Contact Name3]</strong>,<br /><br />If you’re ready to write, just select this tip text and start typing to replace it with your own. Don’t include space to the right or left of the characters in your selection<br /><br /><strong>Best<br />Sylvia Syndicate</strong><br /><br /><br />Title<br />CITI<br />22 Broadway, Newyork <br /> NY 10004, USA<br />(212) 500 1342<br />(646) 988 5463<br /><a>sylvia.syndicate@citi.com</a>"
  },
  {
    "text": "Template Deal ABX 4",
    "value": "<strong>Hi [Contact Name4]</strong>,<br /><br />If you’re ready to write, just select this tip text and start typing to replace it with your own. Don’t include space to the right or left of the characters in your selection<br /><br /><strong>Best<br />Sylvia Syndicate</strong><br /><br /><br />Title<br />CITI<br />22 Broadway, Newyork <br /> NY 10004, USA<br />(212) 500 1342<br />(646) 988 5463<br /><a>sylvia.syndicate@citi.com</a>"
  }
]